category_id,product_name,sku,qty,Price,discount_percentage,weight(kg),brand,size,status,contact,color,bike,car,van,height(cm),width(cm),length(cm),product_image
7,Evo-Stik 'Sticks LikeAdhesive Clear 290ml,57252,1,6.69,0,0.36,null,null,1,7976621849,null,1,0,0,22.7,6.4,4.9,https://media.screwfix.com/is/image/ae235/57252_P?$autoprodblock$
7,Evo-Stik 'Sticks LikeAdhesive 290ml,22070,51,6.69,0,0.36,null,null,1,7976621849,null,1,0,0,22.7,6.4,4.9,https://media.screwfix.com/is/image/ae235/22070_P?$autoprodblock$
7,Evo-Stik Sticks Like Sh*t Turbo Grab Adhesive White 290ml,4072P,71,8.99,0,0.36,null,null,1,7976621849,null,1,0,0,22.7,6.4,4.9,https://media.screwfix.com/is/image/ae235/4072P_P?$autoprodblock$
7,No Nonsense  Grab Adhesive Solvent-Free White 310ml,87451,43,2.39,0,0.36,null,null,1,7976621849,null,1,0,0,22.7,6.4,4.9,https://media.screwfix.com/is/image/ae235/87451_P?$autoprodblock$
7,Soudal Fix All High Tack Adhesive & Sealant White 290ml,64585,14,6.99,0,0.36,null,null,1,7976621849,null,1,0,0,22.7,6.4,4.9,https://media.screwfix.com/is/image/ae235/64585_P?$autoprodblock$
7,Gripfill  Adhesive 350ml,10261,22,2.99,0,0.36,null,null,1,7976621849,null,1,0,0,22.7,6.4,4.9,https://media.screwfix.com/is/image/ae235/10261_P?$autoprodblock$
7,Gripfill  Grab Adhesive 350ml 12 Pack,45901,5,31.99,0,0.36,null,null,1,7976621849,null,1,0,0,22.7,6.4,4.9,https://media.screwfix.com/is/image/ae235/45901_P?$autoprodblock$
7,No Nonsense I Can't Believe It's Not Nails Adhesive White 290ml,322KH,5,3.99,0,0.36,null,null,1,7976621849,null,1,0,0,22.7,6.4,4.9,https://media.screwfix.com/is/image/ae235/322KH_P?$autoprodblock$
7,Dow Insta Stik Expanding Foam Grab Adhesive Gun Grade 750ml,72793,6,14.99,0,0.36,null,null,1,7976621849,null,1,0,0,22.7,6.4,4.9,https://media.screwfix.com/is/image/ae235/72793_P?$autoprodblock$
7,Soudal Adhesive Foam Hand-Held 750ml,9633H,3,10.99,0,0.36,null,null,1,7976621849,null,1,0,0,22.7,6.4,4.9,https://media.screwfix.com/is/image/ae235/9633H_P?$autoprodblock$
7,No Nonsense Expanding Sticky Foam Gun Grade 750ml,6576H,2,10.99,0,0.36,null,null,1,7976621849,null,1,0,0,22.7,6.4,4.9,https://media.screwfix.com/is/image/ae235/6576H_P?$autoprodblock$
7,Geocel Trade Mate Mirror Fix White 310ml,95057,11,12.99,0,0.36,null,null,1,7976621849,null,1,0,0,22.7,6.4,4.9,https://media.screwfix.com/is/image/ae235/95057_P?$autoprodblock$
7,Everbuild  Solvented Grab Adhesive 350ml,6048H,21,3.99,0,0.36,null,null,1,7976621849,null,1,0,0,22.7,6.4,4.9,https://media.screwfix.com/is/image/ae235/6048H_P?$autoprodblock$
7,Gripfill  Solvent-Free White 350ml,64958,32,4.99,0,0.36,null,null,1,7976621849,null,1,0,0,22.7,6.4,4.9,https://media.screwfix.com/is/image/ae235/64958_P?$autoprodblock$
7,Evo-Stik Gripfill Max Solvent Free Grab Adhesive White 290ml,241PP,22,6.99,0,0.36,null,null,1,7976621849,null,1,0,0,22.7,6.4,4.9,https://media.screwfix.com/is/image/ae235/241PP_P?$autoprodblock$
7,Evo-Stik The Dogs B*ll*cks Adhesive & Sealant Clear 290ml,991FJ,0,12.49,0,0.36,null,null,1,7976621849,null,1,0,0,22.7,6.4,4.9,https://media.screwfix.com/is/image/ae235/991FJ_P?$autoprodblock$
7,Make Good MGPRPLN029 Plasterboard Adhesive White 10kg,230GP,5,7.39,0,0.36,null,null,1,7976621849,null,1,0,0,22.7,6.4,4.9,https://media.screwfix.com/is/image/ae235/230GP_P?$autoprodblock$
7,Everbuild Pinkgrip Solvent-Free Grab Adhesive Pink 350ml,7731P,4,3.99,0,0.36,null,null,1,7976621849,null,1,0,0,22.7,6.4,4.9,https://media.screwfix.com/is/image/ae235/7731P_P?$autoprodblock$
7,No Nonsense  Solvented Grab Adhesive 350ml,7454D,14,2.99,0,0.36,null,null,1,7976621849,null,1,0,0,22.7,6.4,4.9,https://media.screwfix.com/is/image/ae235/7454D_P?$autoprodblock$
7,No Nonsense Expanding Sticky Foam Hand-Held 750ml,4108H,2,10.99,0,0.36,null,null,1,7976621849,null,1,0,0,22.7,6.4,4.9,https://media.screwfix.com/is/image/ae235/4108H_P?$autoprodblock$
7,Geocel The Works Pro X Grab Adhesive White 290ml,116KH,1,7.89,0,0.36,null,null,1,7976621849,null,1,0,0,22.7,6.4,4.9,https://media.screwfix.com/is/image/ae235/116KH_P?$autoprodblock$
7,Evo-Stik The Dogs B*ll*cks Adhesive & Sealant White 290ml,155FJ,3,12.49,0,0.36,null,null,1,7976621849,null,1,0,0,22.7,6.4,4.9,https://media.screwfix.com/is/image/ae235/155FJ_P?$autoprodblock$
7,Evo-Stik 'Sticks LikeSolvent-Free Grab Adhesive White 400ml,239HT,0,8.99,0,0.36,null,null,1,7976621849,null,1,0,0,22.7,6.4,4.9,https://media.screwfix.com/is/image/ae235/239HT_P?$autoprodblock$
7,Evo-Stik 'Sticks LikeSolvent-Free Grab Adhesive Clear 400ml,823HT,1,9.99,0,0.36,null,null,1,7976621849,null,1,0,0,22.7,6.4,4.9,https://media.screwfix.com/is/image/ae235/823HT_P?$autoprodblock$
7,No Nonsense Contact Adhesive Natural 500ml,32657,119,4.38,0,0.365,null,null,1,7976621849,null,1,0,0,4.39,21.41,3.4,https://media.screwfix.com/is/image/ae235/32657_P?$autoprodblock$
7,Evo-Stik 528 Industrial Contact Adhesive Transluscent Amber 2.5Ltr,42076,2,37.99,0,0.365,null,null,1,7976621849,null,1,0,0,4.39,21.41,3.4,https://media.screwfix.com/is/image/ae235/42076_P?$autoprodblock$
7,Araldite 2-Part Epoxy Adhesive Tubes Opaque 2 x 15ml,2457H,15,5.99,0,0.365,null,null,1,7976621849,null,1,0,0,4.39,21.41,3.4,https://media.screwfix.com/is/image/ae235/2457H_P?$autoprodblock$
7,Bostik Feltfix Bituminous Roof Felt Adhesive Black 5Ltr,41499,0,21.49,0,0.365,null,null,1,7976621849,null,1,0,0,4.39,21.41,3.4,https://media.screwfix.com/is/image/ae235/41499_P?$autoprodblock$
7,Supercove Supercove Coving Adhesive White 310ml,28537,4,3.99,0,0.365,null,null,1,7976621849,null,1,0,0,4.39,21.41,3.4,https://media.screwfix.com/is/image/ae235/28537_P?$autoprodblock$
7,Evo-Stik Impact Adhesive Off-White To Amber 250ml,38770,3,6.99,0,0.365,null,null,1,7976621849,null,1,0,0,4.39,21.41,3.4,https://media.screwfix.com/is/image/ae235/38770_P?$autoprodblock$
7,Gorilla Glue 250ml,51887,4,13.99,0,0.365,null,null,1,7976621849,null,1,0,0,4.39,21.41,3.4,https://media.screwfix.com/is/image/ae235/51887_P?$autoprodblock$
7,No Nonsense Superglue 50g,79181,23,3.49,0,0.365,null,null,1,7976621849,null,1,0,0,4.39,21.41,3.4,https://media.screwfix.com/is/image/ae235/79181_P?$autoprodblock$
7,Gorilla Glue 115ml,54593,7,9.99,0,0.365,null,null,1,7976621849,null,1,0,0,4.39,21.41,3.4,https://media.screwfix.com/is/image/ae235/54593_P?$autoprodblock$
7,Loctite Hot Melt Glue Gun Sticks 6 Pack,86731,0,4.19,0,0.365,null,null,1,7976621849,null,1,0,0,4.39,21.41,3.4,https://media.screwfix.com/is/image/ae235/86731_P?$autoprodblock$
7,Evo-Stik Impact Adhesive Light Amber 500ml,72928,0,10.99,0,0.365,null,null,1,7976621849,null,1,0,0,4.39,21.41,3.4,https://media.screwfix.com/is/image/ae235/72928_P?$autoprodblock$
7,No Nonsense Contact Adhesive Beige 1Ltr,34758,1,11.99,0,0.365,null,null,1,7976621849,null,1,0,0,4.39,21.41,3.4,https://media.screwfix.com/is/image/ae235/34758_P?$autoprodblock$
7,No Nonsense Superglue 20g,26780,3,1.79,0,0.365,null,null,1,7976621849,null,1,0,0,4.39,21.41,3.4,https://media.screwfix.com/is/image/ae235/26780_P?$autoprodblock$
7,MitreBond Adhesive Trade Kit,83841,0,14.99,0,0.365,null,null,1,7976621849,null,1,0,0,4.39,21.41,3.4,https://media.screwfix.com/is/image/ae235/83841_P?$autoprodblock$
7,No Nonsense PU Adhesive 250ml,579KH,0,10.99,0,0.365,null,null,1,7976621849,null,1,0,0,4.39,21.41,3.4,https://media.screwfix.com/is/image/ae235/579KH_P?$autoprodblock$
7,No Nonsense PU Adhesive 115ml,976KH,0,8.49,0,0.365,null,null,1,7976621849,null,1,0,0,4.39,21.41,3.4,https://media.screwfix.com/is/image/ae235/976KH_P?$autoprodblock$
7,MitreBond Aerosol Kit,28848,43,5.98,0,0.365,null,null,1,7976621849,null,1,0,0,4.39,21.41,3.4,https://media.screwfix.com/is/image/ae235/28848_P?$autoprodblock$
7,No Nonsense Mitre Adhesive Trade Pack 400ml,35338,16,11.99,0,0.365,null,null,1,7976621849,null,1,0,0,4.39,21.41,3.4,https://media.screwfix.com/is/image/ae235/35338_P?$autoprodblock$
7,Gorilla Glue Wood Glue 532ml,83299,9,8.99,0,0.159,null,null,1,7976621849,null,1,0,0,40,10,30,https://media.screwfix.com/is/image/ae235/83299_P?$autoprodblock$
7,Evo-Stik Wood Adhesive Exterior 1Ltr,81882,6,12.99,0,0.159,null,null,1,7976621849,null,1,0,0,40,10,30,https://media.screwfix.com/is/image/ae235/81882_P?$autoprodblock$
7,Evo-Stik Polyurethane Wood Adhesive 310ml,40778,7,12.99,0,0.159,null,null,1,7976621849,null,1,0,0,40,10,30,https://media.screwfix.com/is/image/ae235/40778_P?$autoprodblock$
7,No Nonsense Mitre Adhesive 200ml,41795,15,6.49,0,0.159,null,null,,7976621849,null,1,0,0,40,10,30,https://media.screwfix.com/is/image/ae235/41795_P?$autoprodblock$
7,Evo-Stik Wood Adhesive Interior 1Ltr,37901,2,10.99,0,0.159,null,null,1,7976621849,null,1,0,0,40,10,30,https://media.screwfix.com/is/image/ae235/37901_P?$autoprodblock$
7,Gorilla Glue Wood Glue 236ml,43424,6,6.99,0,0.159,null,null,1,7976621849,null,1,0,0,40,10,30,https://media.screwfix.com/is/image/ae235/43424_P?$autoprodblock$
7,Evo-Stik Wood Adhesive Exterior 500ml,65910,2,8.99,0,0.159,null,null,1,7976621849,null,1,0,0,40,10,30,https://media.screwfix.com/is/image/ae235/65910_P?$autoprodblock$
7,Evo-Stik Wood Adhesive Interior 500ml,59593,8,6.99,0,0.159,null,null,1,7976621849,null,1,0,0,40,10,30,https://media.screwfix.com/is/image/ae235/59593_P?$autoprodblock$
7,MitreBond Adhesive Trade Kit,83841,0,14.99,0,0.159,null,null,1,7976621849,null,1,0,0,40,10,30,https://media.screwfix.com/is/image/ae235/83841_P?$autoprodblock$
7,No Nonsense PVA Wood Adhesive 532ml,297KH,0,7.49,0,0.159,null,null,1,7976621849,null,1,0,0,40,10,30,https://media.screwfix.com/is/image/ae235/297KH_P?$autoprodblock$
7,No Nonsense PVA Wood Adhesive 236ml,831KH,0,5.49,0,0.159,null,null,1,7976621849,null,1,0,0,40,10,30,https://media.screwfix.com/is/image/ae235/831KH_P?$autoprodblock$
7,No Nonsense Contact Adhesive Natural 500ml,32657,119,4.38,0,0.159,null,null,1,7976621849,null,1,0,0,40,10,30,https://media.screwfix.com/is/image/ae235/32657_P?$autoprodblock$
7,Mapei Ultrabond Eco VS90 Plus HT Vinyl/Rubber Flooring Adhesive 5kg,8267H,6,20.99,0,0.159,null,null,1,7976621849,null,1,0,0,40,10,30,https://media.screwfix.com/is/image/ae235/8267H_P?$autoprodblock$
7,Bostik Laybond Wood Floor Adhesive 7kg,1649D,0,42.99,0,0.159,null,null,1,7976621849,null,1,0,0,40,10,30,https://media.screwfix.com/is/image/ae235/1649D_P?$autoprodblock$
7,Bostik Laybond Vinyl Floor Adhesive 5kg,9199D,0,34.99,0,0.159,null,null,1,7976621849,null,1,0,0,40,10,30,https://media.screwfix.com/is/image/ae235/9199D_P?$autoprodblock$
7,Mapei Ultrabond Eco Tack Carpet Tackifier 5kg,50146,1,56.99,0,0.159,null,null,1,7976621849,null,1,0,0,40,10,30,https://media.screwfix.com/is/image/ae235/50146_P?$autoprodblock$
7,No Nonsense Contact Adhesive Beige 1Ltr,34758,0,11.99,0,0.159,null,null,1,7976621849,null,1,0,0,40,10,30,https://media.screwfix.com/is/image/ae235/34758_P?$autoprodblock$
7,Soudal Fix All High Tack Adhesive & Sealant White 290ml,64585,14,6.99,0,0.159,null,null,1,7976621849,null,1,0,0,40,10,30,https://media.screwfix.com/is/image/ae235/64585_P?$autoprodblock$
7,Soudal Fix All Sealant & Adhesive Crystal 290ml,51412,0,6.99,0,0.159,null,null,1,7976621849,null,1,0,0,40,10,30,https://media.screwfix.com/is/image/ae235/51412_P?$autoprodblock$
7,OB1 Multi-Surface Sealant & Adhesive Clear 290ml,434JF,10,12.99,0,0.159,null,null,1,7976621849,null,1,0,0,40,10,30,https://media.screwfix.com/is/image/ae235/434JF_P?$autoprodblock$
7,OB1 Multi-Surface Sealant & Adhesive White 290ml,514JF,10,12.99,0,0.159,null,null,1,7976621849,null,1,0,0,40,10,30,https://media.screwfix.com/is/image/ae235/514JF_P?$autoprodblock$
7,No Nonsense X8 Hybrid Sealant & Adhesive Black 290ml,912FR,4,9.99,0,0.35,null,null,1,7976621849,null,1,0,0,4.9,4.9,23,https://media.screwfix.com/is/image/ae235/912FR_P?$autoprodblock$
7,Geocel The Works Pro Sealant and Adhesive Clear 290ml,250JJ,4,13.69,0,0.35,null,null,1,7976621849,null,1,0,0,4.9,4.9,23,https://media.screwfix.com/is/image/ae235/250JJ_P?$autoprodblock$
7,Evo-Stik The Dogs B*ll*cks Adhesive & Sealant Clear 290ml,991FJ,0,12.49,0,0.35,null,null,1,7976621849,null,1,0,0,4.9,4.9,23,https://media.screwfix.com/is/image/ae235/991FJ_P?$autoprodblock$
7,No Nonsense X8 Hybrid Sealant & Adhesive Clear 290ml,168HT,2,9.99,0,0.35,null,null,1,7976621849,null,1,0,0,4.9,4.9,23,https://media.screwfix.com/is/image/ae235/168HT_P?$autoprodblock$
7,OB1 Multi-Purpose Sealant & Adhesive Black 290ml,784JF,4,12.99,0,0.35,null,null,1,7976621849,null,1,0,0,4.9,4.9,23,https://media.screwfix.com/is/image/ae235/784JF_P?$autoprodblock$
7,No Nonsense X8 Hybrid Sealant & Adhesive White 290ml,375FR,6,9.99,0,0.35,null,null,1,7976621849,null,1,0,0,4.9,4.9,23,https://media.screwfix.com/is/image/ae235/375FR_P?$autoprodblock$
7,OB1 Multi-Surface Sealant & Adhesive Grey 290ml,534JF,3,12.99,0,0.35,null,null,1,7976621849,null,1,0,0,4.9,4.9,23,https://media.screwfix.com/is/image/ae235/534JF_P?$autoprodblock$
7,Geocel The Works Pro Sealant and Adhesive Black 290ml,635JJ,2,11.69,0,0.35,null,null,1,7976621849,null,1,0,0,4.9,4.9,23,https://media.screwfix.com/is/image/ae235/635JJ_P?$autoprodblock$
7,No Nonsense X8 Hybrid Sealant & Adhesive Grey 290ml,925FR,2,9.99,0,0.35,null,null,1,7976621849,null,1,0,0,4.9,4.9,23,https://media.screwfix.com/is/image/ae235/925FR_P?$autoprodblock$
7,OB1 Multi-Surface Sealant & Adhesive Brown 290ml,798JJ,1,12.99,0,0.35,null,null,1,7976621849,null,1,0,0,4.9,4.9,23,https://media.screwfix.com/is/image/ae235/798JJ_P?$autoprodblock$
7,Evo-Stik The Dogs B*ll*cks Adhesive & Sealant White 290ml,155FJ,3,12.49,0,0.35,null,null,1,7976621849,null,1,0,0,4.9,4.9,23,https://media.screwfix.com/is/image/ae235/155FJ_P?$autoprodblock$
7,Geocel The Works Pro Sealant and Adhesive White 290ml,124JJ,1,13.69,0,0.35,null,null,1,7976621849,null,1,0,0,4.9,4.9,23,https://media.screwfix.com/is/image/ae235/124JJ_P?$autoprodblock$
7,OB1 Multi-Surface Sealant & Adhesive Beige 290ml,339JJ,1,12.99,0,0.35,null,null,1,7976621849,null,1,0,0,4.9,4.9,23,https://media.screwfix.com/is/image/ae235/339JJ_P?$autoprodblock$
7,No Nonsense X8 Hybrid Sealant & Adhesive Black 400ml,127FR,1,9.99,0,0.35,null,null,1,7976621849,null,1,0,0,4.9,4.9,23,https://media.screwfix.com/is/image/ae235/127FR_P?$autoprodblock$
7,No Nonsense X8 Hybrid Sealant & Adhesive Clear 400ml,602HT,3,9.99,0,0.35,null,null,1,7976621849,null,1,0,0,4.9,4.9,23,https://media.screwfix.com/is/image/ae235/602HT_P?$autoprodblock$
7,No Nonsense X8 Hybrid Sealant & Adhesive White 400ml,528FR,1,9.9,0,0.35,null,null,1,7976621849,null,1,0,0,4.9,4.9,23,https://media.screwfix.com/is/image/ae235/528FR_P?$autoprodblock$
7,No Nonsense X8 Hybrid Sealant & Adhesive Grey 400ml,920FR,6,9.99,0,0.35,null,null,1,7976621849,null,1,0,0,4.9,4.9,23,https://media.screwfix.com/is/image/ae235/920FR_P?$autoprodblock$
7,Everbuild EB25 Hybrid Sealant & Adhesive Crystal Clear 300ml,259HT,0,12.59,0,0.35,null,null,1,7976621849,null,1,0,0,4.9,4.9,23,https://media.screwfix.com/is/image/ae235/259HT_P?$autoprodblock$
7,No Nonsense Extra Strong Ready-Mixed Wallpaper Adhesive 5 Roll Pack,990GT,8,10.99,0,0.35,null,null,1,7976621849,null,1,0,0,4.9,4.9,23,https://media.screwfix.com/is/image/ae235/990GT_P?$autoprodblock$
7,No Nonsense All-Purpose Wallpaper Adhesive 10 Roll Pack,414KH,5,4.49,0,0.35,null,null,1,7976621849,null,1,0,0,4.9,4.9,23,https://media.screwfix.com/is/image/ae235/414KH_P?$autoprodblock$
7,No Nonsense Paste the Wall Wallpaper Adhesive 5 Roll Pack,380KH,2,4.49,0,0.35,null,null,1,7976621849,null,1,0,0,4.9,4.9,23,https://media.screwfix.com/is/image/ae235/380KH_P?$autoprodblock$
7,No Nonsense All-Purpose Wallpaper Adhesive 30 Roll Pack,704KH,5,7.49,0,0.35,null,null,1,7976621849,null,1,0,0,4.9,4.9,23,https://media.screwfix.com/is/image/ae235/704KH_P?$autoprodblock$
7,Mapei Rapid-Set Wall & Floor Adhesive Grey 20kg,29634,7,15.29,0,0.35,null,null,1,7976621849,null,1,0,0,4.9,4.9,23,https://media.screwfix.com/is/image/ae235/29634_P?$autoprodblock$
7,No Nonsense Wall & Floor Tile Adhesive Grey 20kg,429FG,14,10.99,0,0.35,null,null,1,7976621849,null,1,0,0,4.9,4.9,23,https://media.screwfix.com/is/image/ae235/429FG_P?$autoprodblock$
7,Mapei BuildFix Wall Tile Adhesive Off White 15kg,5832C,2,21.19,0,0.35,null,null,1,7976621849,null,1,0,0,4.9,4.9,23,https://media.screwfix.com/is/image/ae235/5832C_P?$autoprodblock$
7,Mapei Rapid-Set Wall & Floor Adhesive White 20kg,75846,2,18.99,0,0.35,null,null,1,7976621849,null,1,0,0,4.9,4.9,23,https://media.screwfix.com/is/image/ae235/75846_P?$autoprodblock$
7,Mapei Wall Waterproof Fix & Grout White 7.5kg,65688,0,22.99,0,0.35,null,null,1,7976621849,null,1,0,0,4.9,4.9,23,https://media.screwfix.com/is/image/ae235/65688_P?$autoprodblock$
7,Mapei Wall Waterproof Fix & Grout White 1.5kg,64982,4,6.99,0,0.35,null,null,1,7976621849,null,1,0,0,4.9,4.9,23,https://media.screwfix.com/is/image/ae235/64982_P?$autoprodblock$
7,Mapei Keraquick Wall & Floor Rapid-Set Flexible Tile Adhesive Grey 20kg,7390V,6,25.99,0,0.35,null,null,1,7976621849,null,1,0,0,4.9,4.9,23,https://media.screwfix.com/is/image/ae235/7390V_P?$autoprodblock$
7,Mapei MapeStik Wall Tile Adhesive D1 Light Beige 15kg,96509,2,13.99,0,0.35,null,null,1,7976621849,null,1,0,0,4.9,4.9,23,https://media.screwfix.com/is/image/ae235/96509_P?$autoprodblock$
7,Mapei Keraquick Wall & Floor Rapid-Set Flexible Tile Adhesive Grey 10kg,5769P,1,16.49,0,0.35,null,null,1,7976621849,null,1,0,0,4.9,4.9,23,https://media.screwfix.com/is/image/ae235/5769P_P?$autoprodblock$
7,Mapei Keraquick Wall & Floor Rapid-Set Flexible Tile Adhesive White 20kg,7685V,1,30.99,0,0.35,null,null,1,7976621849,null,1,0,0,4.9,4.9,23,https://media.screwfix.com/is/image/ae235/7685V_P?$autoprodblock$
7,Mapei Rapid-Set Wall & Floor Adhesive Grey 10kg,6949X,3,15.29,0,0.35,null,null,1,7976621849,null,1,0,0,4.9,4.9,23,https://media.screwfix.com/is/image/ae235/6949X_P?$autoprodblock$
7,Mapei Keraquick Wall & Floor Rapid-Set Flexible Tile Adhesive White 10kg,7025P,1,19.79,0,0.35,null,null,1,7976621849,null,1,0,0,4.9,4.9,23,https://media.screwfix.com/is/image/ae235/7025P_P?$autoprodblock$
7,Mapei Wall & Floor Latex Plus White 1.5kg,48884,0,10.99,0,0.35,null,null,1,7976621849,null,1,0,0,4.9,4.9,23,https://media.screwfix.com/is/image/ae235/48884_P?$autoprodblock$
7,Mapei Ultracolour Plus Wall & Floor Grout Manhattan Grey 5kg,93218,10,16.99,0,0.35,null,null,1,7976621849,null,1,0,0,4.9,4.9,23,https://media.screwfix.com/is/image/ae235/93218_P?$autoprodblock$
7,Mapei Ultracolor Plus Wall & Floor Grout Anthracite 5kg,68981,0,16.99,0,0.35,null,null,1,7976621849,null,1,0,0,4.9,4.9,23,https://media.screwfix.com/is/image/ae235/65688_P?$autoprodblock$
7,Mapei Ultracolor Plus Wall & Floor Grout White 5kg,71681,2,15.99,0,0.35,null,null,1,7976621849,null,1,0,0,4.9,4.9,23,https://media.screwfix.com/is/image/ae235/64982_P?$autoprodblock$
7,Mapei Ultracolor Plus Wall & Floor Grout Cement Grey 5kg,55838,6,15.99,0,0.35,null,null,1,7976621849,null,1,0,0,4.9,4.9,23,https://media.screwfix.com/is/image/ae235/68981_P?$autoprodblock$
7,No Nonsense Wall & Floor No Mould Grout White 5kg,153HP,1,9.89,0,0.35,null,null,1,7976621849,null,1,0,0,4.9,4.9,23,https://media.screwfix.com/is/image/ae235/71681_P?$autoprodblock$
7,No Nonsense Wall & Floor No Mould Grout Manhattan Grey 5kg,154HP,8,9.89,0,0.35,null,null,1,7976621849,null,1,0,0,4.9,4.9,23,https://media.screwfix.com/is/image/ae235/55838_P?$autoprodblock$
7,Mapei Ultracolor Plus Wall & Floor Grout Jasmine 5kg,63922,1,16.99,0,0.35,null,null,1,7976621849,null,1,0,0,4.9,4.9,23,https://media.screwfix.com/is/image/ae235/153HP_P?$autoprodblock$
7,Mapei Ultracolor Plus Wall & Floor Grout Black 5kg,957FX,1,16.99,0,0.35,null,null,1,7976621849,null,1,0,0,4.9,4.9,23,https://media.screwfix.com/is/image/ae235/154HP_P?$autoprodblock$
7,No Nonsense Wall & Floor No Mould Grout Cement Grey 5kg,490HP,3,9.89,0,0.35,null,null,1,7976621849,null,1,0,0,4.9,4.9,23,https://media.screwfix.com/is/image/ae235/63922_P?$autoprodblock$
7,No Nonsense Wall & Floor No Mould Grout Black 5kg,200HP,0,9.89,0,0.35,null,null,1,7976621849,null,1,0,0,4.9,4.9,23,https://media.screwfix.com/is/image/ae235/957FX_P?$autoprodblock$
7,No Nonsense Wall & Floor No Mould Grout Jasmine 5kg,545HP,2,9.89,0,0.35,null,null,1,7976621849,null,1,0,0,4.9,4.9,23,https://media.screwfix.com/is/image/ae235/490HP_P?$autoprodblock$
7,Mapei Ultracolor Plus Wall & Floor Grout Tornado 5kg,401FT,0,16.99,0,0.35,null,null,1,7976621849,null,1,0,0,4.9,4.9,23,https://media.screwfix.com/is/image/ae235/200HP_P?$autoprodblock$
7,Mapei Ultraplan 3240 Self-Levelling Compound 25kg,4959F,0,19.99,0,0.35,null,null,1,7976621849,null,1,0,0,4.9,4.9,23,https://media.screwfix.com/is/image/ae235/545HP_P?$autoprodblock$
7,No Nonsense Cement-Based Levelling Screed 20kg,613KR,0,14.99,0,0.35,null,null,1,7976621849,null,1,0,0,4.9,4.9,23,https://media.screwfix.com/is/image/ae235/401FT_P?$autoprodblock$
7,No Nonsense Cement-Based Levelling Compound 20kg,543KR,20,10.99,0,0.35,null,null,1,7976621849,null,1,0,0,4.9,4.9,23,https://media.screwfix.com/is/image/ae235/4959F_P?$autoprodblock$
7,Mapei Ultimate Leveller 1210 Self-Levelling Floor Compound 20kg,4377V,0,14.99,0,0.35,null,null,1,7976621849,null,1,0,0,4.9,4.9,23,https://media.screwfix.com/is/image/ae235/613KR_P?$autoprodblock$
7,No Nonsense 2-Part Floor Levelling Compound 12.5kg,27894,3,19.99,0,0.35,null,null,1,7976621849,null,1,0,0,4.9,4.9,23,https://media.screwfix.com/is/image/ae235/543KR_P?$autoprodblock$
7,Diall 10mm Straight Aluminium Tile Trim Chrome 2.5m,336GR,28,11.49,0,0.4,null,null,1,7976621849,null,1,0,0,250,1.5,1.5,https://media.screwfix.com/is/image/ae235/336GR_P?$autoprodblock$
7,Diall 10mm Straight PVC Tile Trim White 2.5m,681GR,10,4.19,0,0.4,null,null,1,7976621849,null,1,0,0,250,1.5,1.5,https://media.screwfix.com/is/image/ae235/681GR_P?$autoprodblock$
7,Diall 9mm Round Aluminium Tile Trim Chrome 2.5m,634GR,1,9.49,0,0.4,null,null,1,7976621849,null,1,0,0,250,1.5,1.5,https://media.screwfix.com/is/image/ae235/634GR_P?$autoprodblock$
7,Diall 8mm Straight PVC Tile Trim White 2.5m,351GR,6,4.19,0,0.4,null,null,1,7976621849,null,1,0,0,250,1.5,1.5,https://media.screwfix.com/is/image/ae235/351GR_P?$autoprodblock$
7,Diall 9mm Round PVC Tile Trim White 2.5m,382GR,10,4.19,0,0.4,null,null,1,7976621849,null,1,0,0,250,1.5,1.5,https://media.screwfix.com/is/image/ae235/382GR_P?$autoprodblock$
7,Diall 6mm Round PVC Tile Trim White 2.5m,678GR,9,4.19,0,0.4,null,null,1,7976621849,null,1,0,0,250,1.5,1.5,https://media.screwfix.com/is/image/ae235/678GR_P?$autoprodblock$
7,Diall 9mm Round PVC Tile Trim Black 2.5m,680GR,3,4.19,0,0.4,null,null,1,7976621849,null,1,0,0,250,1.5,1.5,https://media.screwfix.com/is/image/ae235/680GR_P?$autoprodblock$
7,Diall 9mm Round PVC Tile Trim Grey 2.5m,727GR,6,4.19,0,0.4,null,null,1,7976621849,null,1,0,0,250,1.5,1.5,https://media.screwfix.com/is/image/ae235/727GR_P?$autoprodblock$
7,McAlpine TSG50T6SS Trapped Gully with Stainless Steel Tile,3988R,0,97.19,0,0.24,null,null,1,7976621849,null,1,0,0,18,9,11,https://media.screwfix.com/is/image/ae235/3988R_P?$autoprodblock$
7,Mapei Jointing Tape White / Grey 5m x 120mm,69510,2,29.99,0,0.24,null,null,1,7976621849,null,1,0,0,18,9,11,https://media.screwfix.com/is/image/ae235/69510_P?$autoprodblock$
7,Mapei Primer G 5kg,5309P,1,22.99,0,0.24,null,null,1,7976621849,null,1,0,0,18,9,11,https://media.screwfix.com/is/image/ae235/5309P_P?$autoprodblock$
7,Mira Tile Upstand Strip 3.6m White,5361X,0,22.99,0,0.24,null,null,1,7976621849,null,1,0,0,18,9,11,https://media.screwfix.com/is/image/ae235/5361X_P?$autoprodblock$
7,Mapei Wall & Floor Latex Plus White 1.5kg,48884,1,10.99,0,0.24,null,null,1,7976621849,null,1,0,0,18,9,11,https://media.screwfix.com/is/image/ae235/48884_P?$autoprodblock$
7,No Nonsense Wood Flooring Sealant Oak 310ml,50081,6,4.99,0,0.56,null,null,1,7976621849,null,1,0,0,23,7,5,https://media.screwfix.com/is/image/ae235/50081_P?$autoprodblock$
7,Vitrex All-in-One Sealant Remover & Profiler Kit 35mm,82791,2,9.49,0,0.56,null,null,1,7976621849,null,1,0,0,23,7,5,https://media.screwfix.com/is/image/ae235/82791_P?$autoprodblock$
7,Mapei Wall Waterproof Fix & Grout White 7.5kg,65688,2,22.99,0,0.56,null,null,1,7976621849,null,1,0,0,23,7,5,https://media.screwfix.com/is/image/ae235/65688_P?$autoprodblock$
7,V33 Wall & Floor Grout Pen White 15ml,542HJ,0,8.29,0,0.56,null,null,1,7976621849,null,1,0,0,23,7,5,https://media.screwfix.com/is/image//ae235?src=ae235/799HJ_P&$prodImageMedium$
7,V33 Wall & Floor Grout Pen White 15ml,799HJ,1,8.29,0,0.56,null,null,1,7976621849,null,1,0,0,23,7,5,https://media.screwfix.com/is/image//ae235?src=ae235/799HJ_P&$prodImageMedium$
7,No Nonsense Stone & Tile Sealer 1Ltr,5163V,3,14.99,0,0.56,null,null,1,7976621849,null,1,0,0,23,7,5,https://media.screwfix.com/is/image/ae235/5163V_P?$autoprodblock$
7,Zep Grout Sealer 500ml,913HK,0,6.99,0,0.56,null,null,1,7976621849,null,1,0,0,23,7,5,https://media.screwfix.com/is/image/ae235/913HK_P?$autoprodblock$
7,Liberon Sealer for Stone Floors Natural 1Ltr,8317F,0,18.89,0,0.56,null,null,1,7976621849,null,1,0,0,23,7,5,https://media.screwfix.com/is/image/ae235/8317F_P?$autoprodblock$
7,No Nonsense Sanitary Silicone White 310ml,47187,101,5.48,0,0.56,null,null,1,7976621849,null,1,0,0,23,7,5,https://media.screwfix.com/is/image/ae235/47187_P?$autoprodblock$
7,Dow 785+ Bacteria Resistant Sanitary Silicone White 310ml,58308,22,9.99,0,0.56,null,null,1,7976621849,null,1,0,0,23,7,5,https://media.screwfix.com/is/image/ae235/58308_P?$autoprodblock$
7,No Nonsense Sanitary Silicone Clear 310ml,88317,76,5.48,0,0.56,null,null,1,7976621849,null,1,0,0,23,7,5,https://media.screwfix.com/is/image/ae235/88317_P?$autoprodblock$
7,Dow 785+ Sanitary Sealant Clear 310ml,38292,12,9.99,0,0.56,null,null,1,7976621849,null,1,0,0,23,7,5,https://media.screwfix.com/is/image/ae235/38292_P?$autoprodblock$
7,Mapei Mapesil Solvent-Free Silicone Sealant White 310ml,65107,25,8.29,0,0.56,null,null,1,7976621849,null,1,0,0,23,7,5,https://media.screwfix.com/is/image/ae235/65107_P?$autoprodblock$
7,No Nonsense Sanitary Silicone Sealant Manhattan Grey 310ml,5965H,12,5.49,0,0.56,null,null,1,7976621849,null,1,0,0,23,7,5,https://media.screwfix.com/is/image/ae235/5965H_P?$autoprodblock$
7,Soudal Fix All Sealant & Adhesive Crystal 290ml,51412,0,6.99,0,0.56,null,null,1,7976621849,null,1,0,0,23,7,5,https://media.screwfix.com/is/image/ae235/51412_P?$autoprodblock$
7,No Nonsense Sanitary Silicone White 310ml 12 Pack,38910,0,54.99,0,0.56,null,null,1,7976621849,null,1,0,0,23,7,5,https://media.screwfix.com/is/image/ae235/38910_P?$autoprodblock$
7,Dow 785N Sanitary Sealant White 310ml,800FG,0,7.99,0,0.56,null,null,1,7976621849,null,1,0,0,23,7,5,https://media.screwfix.com/is/image/ae235/800FG_P?$autoprodblock$
7,Mapei Mapesil Solvent-Free Silicone Sealant Mid Grey Manhattan 310ml,99261,0,9.99,0,0.56,null,null,1,7976621849,null,1,0,0,23,7,5,https://media.screwfix.com/is/image/ae235/99261_P?$autoprodblock$
7,Dow 785N Sanitary Sealant Clear 310ml,373FG,9,7.99,0,0.56,null,null,1,7976621849,null,1,0,0,23,7,5,https://media.screwfix.com/is/image/ae235/373FG_P?$autoprodblock$
7,Mapei Mapesil AC 111 Solvent-Free Silicone Silver Grey 310ml,93192,4,9.99,0,0.56,null,null,1,7976621849,null,1,0,0,23,7,5,https://media.screwfix.com/is/image/ae235/93192_P?$autoprodblock$
7,No Nonsense Sanitary Silicone Sealant Anthracite 310ml,9881H,0,5.49,0,0.56,null,null,1,7976621849,null,1,0,0,23,7,5,https://media.screwfix.com/is/image/ae235/9881H_P?$autoprodblock$
7,No Nonsense Sanitary Silicone Clear 310ml 12 Pack,59432,2,54.99,0,0.56,null,null,1,7976621849,null,1,0,0,23,7,5,https://media.screwfix.com/is/image/ae235/59432_P?$autoprodblock$
7,Mapei Mapesil Solvent-Free Silicone Sealant Cement Grey 310ml,99987,1,9.99,0,0.56,null,null,1,7976621849,null,1,0,0,23,7,5,https://media.screwfix.com/is/image/ae235/99987_P?$autoprodblock$
7,No Nonsense Sanitary Silicone Black 310ml,81712,2,5.49,0,0.56,null,null,1,7976621849,null,1,0,0,23,7,5,https://media.screwfix.com/is/image/ae235/81712_P?$autoprodblock$
7,No Nonsense Sanitary Silicone Sealant Cement Grey 310ml,6653H,6,5.49,0,0.56,null,null,1,7976621849,null,1,0,0,23,7,5,https://media.screwfix.com/is/image/ae235/6653H_P?$autoprodblock$
7,Mapei Mapesil Solvent-Free Silicone Sealant Anthracite 310ml,66934,1,9.99,0,0.56,null,null,1,7976621849,null,1,0,0,23,7,5,https://media.screwfix.com/is/image/ae235/66934_P?$autoprodblock$
7,Dow 785+ Bacteria-Resistant Sanitary Silicone Grey 310ml,151FJ,0,6.79,0,0.56,null,null,1,7976621849,null,1,0,0,23,7,5,https://media.screwfix.com/is/image/ae235/151FJ_P?$autoprodblock$
7,Mapei Mapesil Solvent-Free Silicone Sealant Black 310ml,90574,0,9.99,0,0.56,null,null,1,7976621849,null,1,0,0,23,7,5,https://media.screwfix.com/is/image/ae235/90574_P?$autoprodblock$
7,Mapei Mapesil Solvent-Free Silicone Sealant Jasmine 310ml,55535,11,9.99,0,0.56,null,null,1,7976621849,null,1,0,0,23,7,5,https://media.screwfix.com/is/image/ae235/55535_P?$autoprodblock$
7,No Nonsense Sanitary Silicone Beige 310ml,25774,8,5.49,0,0.56,null,null,1,7976621849,null,1,0,0,23,7,5,https://media.screwfix.com/is/image/ae235/25774_P?$autoprodblock$
7,Mapei Mapesil AC Solvent-Free Silicone Vanilla 310ml,66969,1,9.99,0,0.56,null,null,1,7976621849,null,1,0,0,23,7,5,https://media.screwfix.com/is/image/ae235/66969_P?$autoprodblock$
7,No Nonsense Sanitary Silicone Jasmine 310ml,48271,0,5.49,0,0.56,null,null,1,7976621849,null,1,0,0,23,7,5,https://media.screwfix.com/is/image/ae235/48271_P?$autoprodblock$
7,Mapei Mapesil Solvent-Free Silicone Sealant Beige 310ml,59718,2,9.99,0,0.56,null,null,1,7976621849,null,1,0,0,23,7,5,https://media.screwfix.com/is/image/ae235/59718_P?$autoprodblock$
7,Mapei Mapesil Solvent-Free Silicone Sealant Brown 310ml,56384,14,9.99,0,0.56,null,null,1,7976621849,null,1,0,0,23,7,5,https://media.screwfix.com/is/image/ae235/56384_P?$autoprodblock$
7,Dow 785+ Sanitary Silicone Sealant Jasmine 310ml,6102D,2,6.79,0,0.56,null,null,1,7976621849,null,1,0,0,23,7,5,https://media.screwfix.com/is/image/ae235/6102D_P?$autoprodblock$
7,No Nonsense Sanitary Silicone White 400ml,729FH,3,5.49,0,0.56,null,null,1,7976621849,null,1,0,0,23,7,5,https://media.screwfix.com/is/image/ae235/729FH_P?$autoprodblock$
7,Mapei Mapesil AC 144 Solvent-Free Silicone Chocolate 310ml,48094,0,9.99,0,0.56,null,null,1,7976621849,null,1,0,0,23,7,5,https://media.screwfix.com/is/image/ae235/48094_P?$autoprodblock$
7,No Nonsense Sanitary Silicone Clear 400ml,850FH,1,5.49,0,0.56,null,null,1,7976621849,null,1,0,0,23,7,5,https://media.screwfix.com/is/image/ae235/850FH_P?$autoprodblock$
7,No Nonsense Sanitary Silicone Manhattan Grey 400ml,732FH,1,5.49,0,0.56,null,null,1,7976621849,null,1,0,0,23,7,5,https://media.screwfix.com/is/image/ae235/732FH_P?$autoprodblock$
7,No Nonsense General Purpose Silicone Clear 310ml,35887,32,4.59,0,0.56,null,null,1,7976621849,null,1,0,0,23,7,5,https://media.screwfix.com/is/image/ae235/35887_P?$autoprodblock$
7,No Nonsense General Purpose Silicone Clear 310ml 12 Pack,89398,5,45.99,0,0.56,null,null,1,7976621849,null,1,0,0,23,7,5,https://media.screwfix.com/is/image/ae235/89398_P?$autoprodblock$
7,No Nonsense General Purpose Silicone White 310ml,74018,46,4.59,0,0.56,null,null,1,7976621849,null,1,0,0,23,7,5,https://media.screwfix.com/is/image/ae235/74018_P?$autoprodblock$
7,No Nonsense General Purpose Silicone White 310ml 12 Pack,98207,8,45.99,0,0.56,null,null,1,7976621849,null,1,0,0,23,7,5,https://media.screwfix.com/is/image/ae235/98207_P?$autoprodblock$
7,No Nonsense General Purpose Silicone Sealant Black 310ml,2279H,40,4.59,0,0.56,null,null,1,7976621849,null,1,0,0,23,7,5,https://media.screwfix.com/is/image/ae235/51412_P?$autoprodblock$
7,Dow 781 Acetoxy Silicone Sealant Clear 310ml,32576,7,9.99,0,0.56,null,null,1,7976621849,null,1,0,0,23,7,5,https://media.screwfix.com/is/image/ae235/2279H_P?$autoprodblock$
7,Dow 781 Acetoxy Silicone Sealant White 310ml,45959,10,9.99,0,0.56,null,null,1,7976621849,null,1,0,0,23,7,5,https://media.screwfix.com/is/image/ae235/32576_P?$autoprodblock$
7,No Nonsense General Purpose Silicone Sealant Grey 310ml,9167H,7,4.59,0,0.56,null,null,1,7976621849,null,1,0,0,23,7,5,https://media.screwfix.com/is/image/ae235/45959_P?$autoprodblock$
7,No Nonsense General Purpose Silicone Brown 310ml,80129,8,4.59,0,0.56,null,null,1,7976621849,null,1,0,0,23,7,5,https://media.screwfix.com/is/image/ae235/9167H_P?$autoprodblock$
7,No Nonsense General Purpose Silicone Clear 400ml,252FH,3,4.99,0,0.56,null,null,1,7976621849,null,1,0,0,23,7,5,https://media.screwfix.com/is/image/ae235/80129_P?$autoprodblock$
7,No Nonsense General Purpose Silicone White 400ml,655FH,1,4.99,0,0.56,null,null,1,7976621849,null,1,0,0,23,7,5,https://media.screwfix.com/is/image/ae235/252FH_P?$autoprodblock$
7,No Nonsense All-Weather Sealant Clear 310ml,7876D,24,7.99,0,0.56,null,null,1,7976621849,null,1,0,0,23,7,5,https://media.screwfix.com/is/image/ae235/655FH_P?$autoprodblock$
7,Dow 791 Weatherproofing Silicone Sealant Black 310ml,62431,3,8.49,0,0.56,null,null,1,7976621849,null,1,0,0,23,7,5,https://media.screwfix.com/is/image/ae235/62431_P?$autoprodblock$
7,Sika Sikaflex EBT+ All-Weather Sealant White 300ml,87344,6,10.49,0,0.56,null,null,1,7976621849,null,1,0,0,23,7,5,https://media.screwfix.com/is/image/ae235/87344_P?$autoprodblock$
7,Dow 791 Weatherproof Silicone Sealant Anthracite 310ml,44836,5,8.49,0,0.56,null,null,1,7976621849,null,1,0,0,23,7,5,https://media.screwfix.com/is/image/ae235/44836_P?$autoprodblock$
7,Sika Sikaflex EBT+ All-Weather Sealant Clear 300ml,7286D,8,10.49,0,0.56,null,null,1,7976621849,null,1,0,0,23,7,5,https://media.screwfix.com/is/image/ae235/7286D_P?$autoprodblock$
7,Sika Sikaflex EBT+ All-Weather Sealant Grey 300ml,79250,9,10.49,0,0.56,null,null,1,7976621849,null,1,0,0,23,7,5,https://media.screwfix.com/is/image/ae235/79250_P?$autoprodblock$
7,Sika Sikaflex EBT+ All-Weather Sealant Black 300ml,79299,0,10.49,0,0.56,null,null,1,7976621849,null,1,0,0,23,7,5,https://media.screwfix.com/is/image/ae235/79299_P?$autoprodblock$
7,Dow 791 Weatherproofing Silicone Sealant White 310ml,33876,6,8.49,0,0.56,null,null,1,7976621849,null,1,0,0,23,7,5,https://media.screwfix.com/is/image/ae235/33876_P?$autoprodblock$
7,Geocel The Works Pro Sealant and Adhesive Clear 290ml,250JJ,4,13.69,0,0.56,null,null,1,7976621849,null,1,0,0,23,7,5,https://media.screwfix.com/is/image/ae235/250JJ_P?$autoprodblock$
7,No Nonsense All-Weather Sealant White 310ml,5074D,6,7.99,0,0.56,null,null,1,7976621849,null,1,0,0,23,7,5,https://media.screwfix.com/is/image/ae235/5074D_P?$autoprodblock$
7,Dow 791 Weatherproofing Silicone Sealant Brown 310ml,76697,3,8.49,0,0.56,null,null,1,7976621849,null,1,0,0,23,7,5,https://media.screwfix.com/is/image/ae235/76697_P?$autoprodblock$
7,Geocel The Works Pro Sealant and Adhesive Black 290ml,635JJ,2,11.69,0,0.56,null,null,1,7976621849,null,1,0,0,23,7,5,https://media.screwfix.com/is/image/ae235/635JJ_P?$autoprodblock$
7,Sika Sikaflex EBT+ All-Weather Sealant Brown 300ml,69871,3,10.49,0,0.56,null,null,1,7976621849,null,1,0,0,23,7,5,https://media.screwfix.com/is/image/ae235/69871_P?$autoprodblock$
7,Sika Sikaflex EBT+ All-Weather Sealant Beige 300ml,32710,1,10.49,0,0.56,null,null,1,7976621849,null,1,0,0,23,7,5,https://media.screwfix.com/is/image/ae235/32710_P?$autoprodblock$
7,Soudal Fix All High Tack Adhesive & Sealant White 290ml,64585,14,6.99,0,0.56,null,null,1,7976621849,null,1,0,0,23,7,5,https://media.screwfix.com/is/image/ae235/64585_P?$autoprodblock$
7,OB1 Multi-Surface Sealant & Adhesive Clear 290ml,434JF,0,12.99,0,0.56,null,null,1,7976621849,null,1,0,0,23,7,5,https://media.screwfix.com/is/image/ae235/51412_P?$autoprodblock$
7,OB1 Multi-Surface Sealant & Adhesive White 290ml,514JF,10,12.99,0,0.56,null,null,1,7976621849,null,1,0,0,23,7,5,https://media.screwfix.com/is/image/ae235/434JF_P?$autoprodblock$
7,No Nonsense X8 Hybrid Sealant & Adhesive Black 290ml,912FR,4,9.99,0,0.56,null,null,1,7976621849,null,1,0,0,23,7,5,https://media.screwfix.com/is/image/ae235/514JF_P?$autoprodblock$
7,Evo-Stik The Dogs B*ll*cks Adhesive & Sealant Clear 290ml,991FJ,0,12.49,0,0.56,null,null,1,7976621849,null,1,0,0,23,7,5,https://media.screwfix.com/is/image/ae235/912FR_P?$autoprodblock$
7,No Nonsense X8 Hybrid Sealant & Adhesive Clear 290ml,168HT,2,9.99,0,0.56,null,null,1,7976621849,null,1,0,0,23,7,5,https://media.screwfix.com/is/image/ae235/250JJ_P?$autoprodblock$
7,OB1 Multi-Purpose Sealant & Adhesive Black 290ml,784JF,4,12.99,0,0.56,null,null,1,7976621849,null,1,0,0,23,7,5,https://media.screwfix.com/is/image/ae235/991FJ_P?$autoprodblock$
7,No Nonsense X8 Hybrid Sealant & Adhesive White 290ml,375FR,6,9.99,0,0.56,null,null,1,7976621849,null,1,0,0,23,7,5,https://media.screwfix.com/is/image/ae235/168HT_P?$autoprodblock$
7,OB1 Multi-Surface Sealant & Adhesive Grey 290ml,534JF,3,12.99,0,0.56,null,null,1,7976621849,null,1,0,0,23,7,5,https://media.screwfix.com/is/image/ae235/784JF_P?$autoprodblock$
7,No Nonsense X8 Hybrid Sealant & Adhesive Grey 290ml,925FR,0,9.99,0,0.56,null,null,1,7976621849,null,1,0,0,23,7,5,https://media.screwfix.com/is/image/ae235/375FR_P?$autoprodblock$
7,OB1 Multi-Surface Sealant & Adhesive Brown 290ml,798JJ,1,12.99,0,0.56,null,null,1,7976621849,null,1,0,0,23,7,5,https://media.screwfix.com/is/image/ae235/534JF_P?$autoprodblock$
7,Evo-Stik The Dogs B*ll*cks Adhesive & Sealant White 290ml,155FJ,3,12.49,0,0.56,null,null,1,7976621849,null,1,0,0,23,7,5,https://media.screwfix.com/is/image/ae235/635JJ_P?$autoprodblock$
7,Geocel The Works Pro Sealant and Adhesive White 290ml,124JJ,1,13.69,0,0.56,null,null,1,7976621849,null,1,0,0,23,7,5,https://media.screwfix.com/is/image/ae235/925FR_P?$autoprodblock$
7,OB1 Multi-Surface Sealant & Adhesive Beige 290ml,339JJ,1,12.99,0,0.56,null,null,1,7976621849,null,1,0,0,23,7,5,https://media.screwfix.com/is/image/ae235/798JJ_P?$autoprodblock$
7,No Nonsense X8 Hybrid Sealant & Adhesive Black 400ml,127FR,1,9.99,0,0.56,null,null,1,7976621849,null,1,0,0,23,7,5,https://media.screwfix.com/is/image/ae235/155FJ_P?$autoprodblock$
7,No Nonsense X8 Hybrid Sealant & Adhesive Clear 400ml,602HT,1,9.99,0,0.56,null,null,1,7976621849,null,1,0,0,23,7,5,https://media.screwfix.com/is/image/ae235/124JJ_P?$autoprodblock$
7,No Nonsense X8 Hybrid Sealant & Adhesive White 400ml,528FR,1,9.9,0,0.56,null,null,1,7976621849,null,1,0,0,23,7,5,https://media.screwfix.com/is/image/ae235/339JJ_P?$autoprodblock$
7,No Nonsense X8 Hybrid Sealant & Adhesive Grey 400ml,920FR,0,9.99,0,0.56,null,null,1,7976621849,null,1,0,0,23,7,5,https://media.screwfix.com/is/image/ae235/127FR_P?$autoprodblock$
7,Everbuild EB25 Hybrid Sealant & Adhesive Crystal Clear 300ml,259HT,0,12.59,0,0.56,null,null,1,7976621849,null,1,0,0,23,7,5,https://media.screwfix.com/is/image/ae235/602HT_P?$autoprodblock$
7,No Nonsense Sealant Gun,988HP,30,7.49,0,0.56,null,null,1,7976621849,null,1,0,0,23,7,5,https://media.screwfix.com/is/image/ae235/528FR_P?$autoprodblock$
7,No Nonsense Foam Applicator Gun,28483,5,21.99,0,0.56,null,null,1,7976621849,null,1,0,0,23,7,5,https://media.screwfix.com/is/image/ae235/920FR_P?$autoprodblock$
7,No Nonsense Heavy Duty Sealant Applicator Gun,136FR,10,16.99,0,0.56,null,null,1,7976621849,null,1,0,0,23,7,5,https://media.screwfix.com/is/image/ae235/259HT_P?$autoprodblock$
7,No Nonsense Heavy Duty Resin Gun,468FR,4,18.99,0,0.56,null,null,1,7976621849,null,1,0,0,23,7,5,https://media.screwfix.com/is/image/ae235/468FR_P?$autoprodblock$
7,No Nonsense Foil & Cartridge Applicator Gun,808FG,3,16.99,0,0.56,null,null,1,7976621849,null,1,0,0,23,7,5,https://media.screwfix.com/is/image/ae235/808FG_P?$autoprodblock$
7,Makita CG100DWAEA 12V Li-Ion CXT Cordless Caulking Gun,746HF,0,229.99,0,0.56,null,null,1,7976621849,null,1,0,0,23,7,5,https://media.screwfix.com/is/image/ae235/746HF_P?$autoprodblock$
7,Makita CG100DZA 12V Li-Ion CXT Cordless Caulking Gun - Bare,352HF,16,139.98,0,0.56,null,null,1,7976621849,null,1,0,0,23,7,5,https://media.screwfix.com/is/image/ae235/352HF_P?$autoprodblock$
7,Bosch GCG18 V-600 N 18V Li-Ion Coolpack Cordless Caulking Gun - Bare,878KX,9,219.99,0,0.56,null,null,1,7976621849,null,1,0,0,23,7,5,https://media.screwfix.com/is/image/ae235/878KX_P?$autoprodblock$
7,No Nonsense Foil Applicator Nozzle 5 Pack,225FJ,7,2.49,0,0.56,null,null,1,7976621849,null,1,0,0,23,7,5,https://media.screwfix.com/is/image/ae235/225FJ_P?$autoprodblock$
7,No Nonsense Foil and Cartridge Applicator Gun,133FR,0,18.99,0,0.56,null,null,1,7976621849,null,1,0,0,23,7,5,https://media.screwfix.com/is/image/ae235/133FR_P?$autoprodblock$
7,Milwaukee C18 PCG/400T-201B 18V Li-Ion RedLithium Cordless Sub-Compact Transparent Tube Caulking Gun,246HP,0,329.99,0,0.56,null,null,1,7976621849,null,1,0,0,23,7,5,https://media.screwfix.com/is/image/ae235/246HP_P?$autoprodblock$
7,Milwaukee C18 PCG/600T-201B 18V Li-Ion RedLithium Cordless Sub-Compact Transparent Tube Caulking Gun,683HP,2,349.99,0,0.56,null,null,1,7976621849,null,1,0,0,23,7,5,https://media.screwfix.com/is/image/ae235/683HP_P?$autoprodblock$
7,Milwaukee C18 PCG/600A-201B 18V Li-Ion RedLithium Cordless Aluminium Tube Caulking Gun,310HP,0,319.99,0,0.56,null,null,1,7976621849,null,1,0,0,23,7,5,https://media.screwfix.com/is/image/ae235/310HP_P?$autoprodblock$
7,Milwaukee C18 PCG/310C-201B 18V Li-Ion RedLithium Cordless Caulking Gun,454HP,3,299.99,0,0.56,null,null,1,7976621849,null,1,0,0,23,7,5,https://media.screwfix.com/is/image/ae235/454HP_P?$autoprodblock$
7,Milwaukee M12 PCG/600A-201B 12V Li-Ion RedLithium Cordless Sub-Compact Aluminium Tube Caulking Gun,526HP,9,249.99,0,0.56,null,null,1,7976621849,null,1,0,0,23,7,5,https://media.screwfix.com/is/image/ae235/526HP_P?$autoprodblock$
7,Milwaukee M12 PCG/400A-201B 12V Li-Ion RedLithium Cordless Sub-Compact Aluminium Tube Caulking Gun,202HP,0,229.99,0,0.56,null,null,1,7976621849,null,1,0,0,23,7,5,https://media.screwfix.com/is/image/ae235/202HP_P?$autoprodblock$
7,Milwaukee M12 PCG/310C-201B 12V Li-Ion RedLithium Cordless Sub-Compact Caulking Gun,804HP,0,199.99,0,0.56,null,null,1,7976621849,null,1,0,0,23,7,5,https://media.screwfix.com/is/image/ae235/804HP_P?$autoprodblock$
7,Refurb Makita CG100DZA 12V Li-Ion CXT Cordless Caulking Gun - Bare,531RY,1,111.98,0,0.56,null,null,1,7976621849,null,1,0,0,23,7,5,https://media.screwfix.com/is/image/ae235/531RY_P?$autoprodblock$
7,No Nonsense Contact Adhesive Natural 500ml,32657,1,4.38,0,0.56,null,null,1,7976621849,null,1,0,0,23,7,5,https://media.screwfix.com/is/image/ae235/32657_P?$autoprodblock$
7,Mapei Ultrabond Eco VS90 Plus HT Vinyl/Rubber Flooring Adhesive 5kg,8267H,0,20.99,0,0.56,null,null,1,7976621849,null,1,0,0,23,7,5,https://media.screwfix.com/is/image/ae235/42076_P?$autoprodblock$
7,Bostik Laybond Wood Floor Adhesive 7kg,1649D,5,42.99,0,0.56,null,null,1,7976621849,null,1,0,0,23,7,5,https://media.screwfix.com/is/image/ae235/2457H_P?$autoprodblock$
7,Bostik Laybond Vinyl Floor Adhesive 5kg,9199D,0,34.99,0,0.56,null,null,1,7976621849,null,1,0,0,23,7,5,https://media.screwfix.com/is/image/ae235/41499_P?$autoprodblock$
7,Mapei Ultrabond Eco Tack Carpet Tackifier 5kg,50146,0,56.99,0,0.56,null,null,1,7976621849,null,1,0,0,23,7,5,https://media.screwfix.com/is/image/ae235/28537_P?$autoprodblock$
7,No Nonsense Contact Adhesive Beige 1Ltr,34758,1,11.99,0,0.56,null,null,1,7976621849,null,1,0,0,23,7,5,https://media.screwfix.com/is/image/ae235/38770_P?$autoprodblock$
7,No Nonsense Exterior Frame Sealant White 310ml,21638,10,4.99,0,0.56,null,null,1,7976621849,null,1,0,0,23,7,5,https://media.screwfix.com/is/image/ae235/21638_P?$autoprodblock$
7,Dow 796 uPVC Silicone Sealant Brilliant White 310ml,40004,3,9.99,0,0.56,null,null,1,7976621849,null,1,0,0,23,7,5,https://media.screwfix.com/is/image/ae235/40004_P?$autoprodblock$
7,Dow 799 Glazing Silicone Clear 310ml,66307,6,8.99,0,0.56,null,null,1,7976621849,null,1,0,0,23,7,5,https://media.screwfix.com/is/image/ae235/66307_P?$autoprodblock$
7,No Nonsense Acrylic Frame Sealant White 310ml,57529,11,3.29,0,0.56,null,null,1,7976621849,null,1,0,0,23,7,5,https://media.screwfix.com/is/image/ae235/57529_P?$autoprodblock$
7,No Nonsense Glazing Silicone Clear 310ml,81431,9,7.49,0,0.56,null,null,1,7976621849,null,1,0,0,23,7,5,https://media.screwfix.com/is/image/ae235/81431_P?$autoprodblock$
7,No Nonsense Exterior Frame Sealant Brown 310ml,61466,7,4.99,0,0.56,null,null,1,7976621849,null,1,0,0,23,7,5,https://media.screwfix.com/is/image/ae235/61466_P?$autoprodblock$
7,No Nonsense Acrylic Frame Sealant Brown 310ml,52173,6,3.29,0,0.56,null,null,1,7976621849,null,1,0,0,23,7,5,https://media.screwfix.com/is/image/ae235/52173_P?$autoprodblock$
7,No Nonsense Glazing Silicone White 310ml,57735,5,7.49,0,0.56,null,null,1,7976621849,null,1,0,0,23,7,5,https://media.screwfix.com/is/image/ae235/57735_P?$autoprodblock$
7,McAlpine TSG50T6SS Trapped Gully with Stainless Steel Tile,3988R,0,97.19,0,0.56,null,null,1,7976621849,null,1,0,0,23,7,5,https://media.screwfix.com/is/image/ae235/579KH_P?$autoprodblock$
7,Mapei Jointing Tape White / Grey 5m x 120mm,69510,1,29.99,0,0.56,null,null,1,7976621849,null,1,0,0,23,7,5,https://media.screwfix.com/is/image/ae235/976KH_P?$autoprodblock$
7,Mapei Primer G 5kg,5309P,2,22.99,0,0.56,null,null,1,7976621849,null,1,0,0,23,7,5,https://media.screwfix.com/is/image//ae235?src=ae235/5309P_P&$prodImageMedium$
7,Mira Tile Upstand Strip 3.6m White,5361X,0,22.99,0,0.56,null,null,1,7976621849,null,1,0,0,23,7,5,https://media.screwfix.com/is/image//ae235?src=ae235/5361X_P&$prodImageMedium$
7,Mapei Wall & Floor Latex Plus White 1.5kg,48884,3,10.99,0,0.56,null,null,1,7976621849,null,1,0,0,23,7,5,https://media.screwfix.com/is/image//ae235?src=ae235/48884_P&$prodImageMedium$
7,No Nonsense Intumescent Sealant White 310ml,5689R,38,4.49,0,0.56,null,null,1,7976621849,null,1,0,0,23,7,5,https://media.screwfix.com/is/image/ae235/5689R_P?$autoprodblock$
7,No Nonsense Intumescent Sealant White 310ml,5689R,0,4.49,0,0.56,null,null,1,7976621849,null,1,0,0,23,7,5,https://media.screwfix.com/is/image/ae235/5689R_P?$autoprodblock$
7,No Nonsense Intumescent Sealant White 310ml,5689R,0,4.49,0,0.56,null,null,1,7976621849,null,1,0,0,23,7,5,https://media.screwfix.com/is/image/ae235/5689R_P?$autoprodblock$
7,No Nonsense Intumescent Sealant White 310ml,5689R,0,4.49,0,0.56,null,null,1,7976621849,null,1,0,0,23,7,5,https://media.screwfix.com/is/image/ae235/5689R_P?$autoprodblock$
7,No Nonsense Fire Retardant Silicone White 310ml,4019X,10,8.99,0,0.56,null,null,1,7976621849,null,1,0,0,23,7,5,https://media.screwfix.com/is/image/ae235/4019X_P?$autoprodblock$
7,No Nonsense Fire Retardant Silicone White 310ml,4019X,0,8.99,0,0.56,null,null,1,7976621849,null,1,0,0,23,7,5,https://media.screwfix.com/is/image/ae235/4019X_P?$autoprodblock$
7,No Nonsense Fire Retardant Silicone White 310ml,4019X,0,8.99,0,0.56,null,null,1,7976621849,null,1,0,0,23,7,5,https://media.screwfix.com/is/image/ae235/4019X_P?$autoprodblock$
7,No Nonsense Fire Retardant Silicone White 310ml,4019X,0,8.99,0,0.56,null,null,1,7976621849,null,1,0,0,23,7,5,https://media.screwfix.com/is/image/ae235/4019X_P?$autoprodblock$
7,Geocel Trade Mate Plumber Flue Silicone Black 310ml,66373,3,12.99,0,0.56,null,null,1,7976621849,null,1,0,0,23,7,5,https://media.screwfix.com/is/image/ae235/66373_P?$autoprodblock$
7,Geocel Trade Mate Plumber Flue Silicone Black 310ml,66373,0,12.99,0,0.56,null,null,1,7976621849,null,1,0,0,23,7,5,https://media.screwfix.com/is/image/ae235/66373_P?$autoprodblock$
7,Geocel Trade Mate Plumber Flue Silicone Black 310ml,66373,0,12.99,0,0.56,null,null,1,7976621849,null,1,0,0,23,7,5,https://media.screwfix.com/is/image/ae235/66373_P?$autoprodblock$
7,Geocel Trade Mate Plumber Flue Silicone Black 310ml,66373,0,12.99,0,0.56,null,null,1,7976621849,null,1,0,0,23,7,5,https://media.screwfix.com/is/image/ae235/66373_P?$autoprodblock$
7,Mapei Mapeflex Firestop 1200째C High Temperature Grout Grey 300ml,25153,1,14.99,0,0.56,null,null,1,7976621849,null,1,0,0,23,7,5,https://media.screwfix.com/is/image/ae235/25153_P?$autoprodblock$
7,Mapei Mapeflex Firestop 1200째C High Temperature Grout Grey 300ml,25153,0,14.99,0,0.56,null,null,1,7976621849,null,1,0,0,23,7,5,https://media.screwfix.com/is/image/ae235/25153_P?$autoprodblock$
7,Mapei Mapeflex Firestop 1200째C High Temperature Grout Grey 300ml,25153,0,14.99,0,0.56,null,null,1,7976621849,null,1,0,0,23,7,5,https://media.screwfix.com/is/image/ae235/25153_P?$autoprodblock$
7,Mapei Mapeflex Firestop 1200째C High Temperature Grout Grey 300ml,25153,0,14.99,0,0.56,null,null,1,7976621849,null,1,0,0,23,7,5,https://media.screwfix.com/is/image/ae235/25153_P?$autoprodblock$
7,No Nonsense Roof & Gutter Sealant Black 310ml,67521,21,2.99,0,0.56,null,null,1,7976621849,null,1,0,0,23,7,5,https://media.screwfix.com/is/image/ae235/67521_P?$autoprodblock$
7,No Nonsense Roof & Gutter Sealant Black 310ml,67521,21,2.99,0,0.56,null,null,1,7976621849,null,1,0,0,23,7,5,https://media.screwfix.com/is/image/ae235/67521_P?$autoprodblock$
7,No Nonsense Roof & Gutter Sealant Black 310ml,67521,0,2.99,0,0.56,null,null,1,7976621849,null,1,0,0,23,7,5,https://media.screwfix.com/is/image/ae235/67521_P?$autoprodblock$
7,No Nonsense Roof & Gutter Sealant Black 310ml,67521,0,2.99,0,0.56,null,null,1,7976621849,null,1,0,0,23,7,5,https://media.screwfix.com/is/image/ae235/67521_P?$autoprodblock$
7,No Nonsense Roof & Gutter Sealant Black 310ml,67521,0,2.99,0,0.56,null,null,1,7976621849,null,1,0,0,23,7,5,https://media.screwfix.com/is/image/ae235/67521_P?$autoprodblock$
7,Geocel Trade Mate Roofers Seal Lead Grey 310ml,72630,8,6.49,0,0.56,null,null,1,7976621849,null,1,0,0,23,7,5,https://media.screwfix.com/is/image/ae235/72630_P?$autoprodblock$
7,Geocel Trade Mate Roofers Seal Lead Grey 310ml,72630,1,6.49,0,0.56,null,null,1,7976621849,null,1,0,0,23,7,5,https://media.screwfix.com/is/image/ae235/72630_P?$autoprodblock$
7,Geocel Trade Mate Roofers Seal Lead Grey 310ml,72630,0,6.49,0,0.56,null,null,1,7976621849,null,1,0,0,23,7,5,https://media.screwfix.com/is/image/ae235/72630_P?$autoprodblock$
7,Geocel Trade Mate Roofers Seal Lead Grey 310ml,72630,2,6.49,0,0.56,null,null,1,7976621849,null,1,0,0,23,7,5,https://media.screwfix.com/is/image/ae235/72630_P?$autoprodblock$
7,Geocel Trade Mate Roofers Seal Lead Grey 310ml,72630,1,6.49,0,0.56,null,null,1,7976621849,null,1,0,0,23,7,5,https://media.screwfix.com/is/image/ae235/72630_P?$autoprodblock$
7,No Nonsense Lead Sheet Sealant Grey 310ml,21594,5,7.49,0,0.56,null,null,1,7976621849,null,1,0,0,23,7,5,https://media.screwfix.com/is/image/ae235/21594_P?$autoprodblock$
7,No Nonsense Lead Sheet Sealant Grey 310ml,21594,0,7.49,0,0.56,null,null,1,7976621849,null,1,0,0,23,7,5,https://media.screwfix.com/is/image/ae235/21594_P?$autoprodblock$
7,No Nonsense Lead Sheet Sealant Grey 310ml,21594,1,7.49,0,0.56,null,null,1,7976621849,null,1,0,0,23,7,5,https://media.screwfix.com/is/image/ae235/21594_P?$autoprodblock$
7,No Nonsense Lead Sheet Sealant Grey 310ml,21594,2,7.49,0,0.56,null,null,1,7976621849,null,1,0,0,23,7,5,https://media.screwfix.com/is/image/ae235/21594_P?$autoprodblock$
7,No Nonsense Lead Sheet Sealant Grey 310ml,21594,0,7.49,0,0.56,null,null,1,7976621849,null,1,0,0,23,7,5,https://media.screwfix.com/is/image/ae235/21594_P?$autoprodblock$
7,Mapei Blackfill Bitumen Sealant Black 300ml,9483P,1,13.99,0,0.56,null,null,1,7976621849,null,1,0,0,23,7,5,https://media.screwfix.com/is/image/ae235/9483P_P?$autoprodblock$
7,Mapei Blackfill Bitumen Sealant Black 300ml,9483P,0,13.99,0,0.56,null,null,1,7976621849,null,1,0,0,23,7,5,https://media.screwfix.com/is/image/ae235/9483P_P?$autoprodblock$
7,Mapei Blackfill Bitumen Sealant Black 300ml,9483P,0,13.99,0,0.56,null,null,1,7976621849,null,1,0,0,23,7,5,https://media.screwfix.com/is/image/ae235/9483P_P?$autoprodblock$
7,Mapei Blackfill Bitumen Sealant Black 300ml,9483P,0,13.99,0,0.56,null,null,1,7976621849,null,1,0,0,23,7,5,https://media.screwfix.com/is/image/ae235/9483P_P?$autoprodblock$
7,Mapei Blackfill Bitumen Sealant Black 300ml,9483P,0,13.99,0,0.56,null,null,1,7976621849,null,1,0,0,23,7,5,https://media.screwfix.com/is/image/ae235/9483P_P?$autoprodblock$
7,Geocel Trade Mate Roofers Seal Black 310ml,32561,5,6.49,0,0.56,null,null,1,7976621849,null,1,0,0,23,7,5,https://media.screwfix.com/is/image/ae235/32561_P?$autoprodblock$
7,Geocel Trade Mate Roofers Seal Black 310ml,32561,0,6.49,0,0.56,null,null,1,7976621849,null,1,0,0,23,7,5,https://media.screwfix.com/is/image/ae235/32561_P?$autoprodblock$
7,Geocel Trade Mate Roofers Seal Black 310ml,32561,2,6.49,0,0.56,null,null,1,7976621849,null,1,0,0,23,7,5,https://media.screwfix.com/is/image/ae235/32561_P?$autoprodblock$
7,Geocel Trade Mate Roofers Seal Black 310ml,32561,1,6.49,0,0.56,null,null,1,7976621849,null,1,0,0,23,7,5,https://media.screwfix.com/is/image/ae235/32561_P?$autoprodblock$
7,Geocel Trade Mate Roofers Seal Black 310ml,32561,0,6.49,0,0.56,null,null,1,7976621849,null,1,0,0,23,7,5,https://media.screwfix.com/is/image/ae235/32561_P?$autoprodblock$
7,Vitrex All-in-One Sealant Remover & Profiler Kit 35mm,82791,2,9.49,0,0.56,null,null,1,7976621849,null,1,0,0,23,7,5,https://media.screwfix.com/is/image//ae235?src=ae235/82791_P&$prodImageThumb$
7,Vitrex All-in-One Sealant Remover & Profiler Kit 35mm,88987,24,4.99,0,0.56,null,null,1,7976621849,null,1,0,0,23,7,5,https://media.screwfix.com/is/image//ae235?src=ae235/82791_P&$prodImageThumb$
7,Vitrex All-in-One Sealant Remover & Profiler Kit 35mm,82791,0,9.49,0,0.56,null,null,1,7976621849,null,1,0,0,23,7,5,https://media.screwfix.com/is/image/ae235/82791_P?$autoprodblock$
7,No Nonsense Smoothing Tools Straight Joints,92313,3,10.99,0,0.56,null,null,1,7976621849,null,1,0,0,23,7,5,https://media.screwfix.com/is/image/ae235/92313_P?$autoprodblock$
7,No Nonsense Smoothing Tools Concave Joints,45287,3,10.99,0,0.56,null,null,1,7976621849,null,1,0,0,23,7,5,https://media.screwfix.com/is/image/ae235/45287_P?$autoprodblock$
7,No Nonsense Multi-Nozzles 5 Pack,6830X,0,1.49,0,0.56,null,null,1,7976621849,null,1,0,0,23,7,5,https://media.screwfix.com/is/image/ae235/6830X_P?$autoprodblock$
7,Reech Flexible Silicone & Caulking Nozzles 2 Pack,1845H,1,5.49,0,0.56,null,null,1,7976621849,null,1,0,0,23,7,5,https://media.screwfix.com/is/image/ae235/1845H_P?$autoprodblock$
7,Vitrex Flexi Tip Sealant Smoother,10994,0,2.79,0,0.56,null,null,1,7976621849,null,1,0,0,23,7,5,https://media.screwfix.com/is/image/ae235/10994_P?$autoprodblock$
7,MitreBond Aerosol Kit,28848,43,5.98,0,0.56,null,null,1,7976621849,null,1,0,0,23,7,5,https://media.screwfix.com/is/image/ae235/28848_P?$autoprodblock$
7,Colorfill Worktop Compound Soft White,49643,3,4.99,0,0.56,null,null,1,7976621849,null,1,0,0,23,7,5,https://media.screwfix.com/is/image/ae235/49643_P?$autoprodblock$
7,Colorfill Worktop Joint Sealant & Repairer Grey,159GX,3,5.99,0,0.56,null,null,1,7976621849,null,1,0,0,23,7,5,https://media.screwfix.com/is/image/ae235/159GX_P?$autoprodblock$
7,MitreBond Adhesive Trade Kit,83841,0,14.99,0,0.56,null,null,1,7976621849,null,1,0,0,23,7,5,https://media.screwfix.com/is/image/ae235/83841_P?$autoprodblock$
7,Colorfill Worktop Compound Black Granite,26816,5,4.99,0,0.56,null,null,1,7976621849,null,1,0,0,23,7,5,https://media.screwfix.com/is/image/ae235/26816_P?$autoprodblock$
7,Colorfill Worktop Compound Atlantic Oak,65728,2,7.99,0,0.56,null,null,1,7976621849,null,1,0,0,23,7,5,https://media.screwfix.com/is/image/ae235/65728_P?$autoprodblock$
7,Colorfill Worktop Compound Diamond Black,86725,4,7.49,0,0.56,null,null,1,7976621849,null,1,0,0,23,7,5,https://media.screwfix.com/is/image/ae235/86725_P?$autoprodblock$
7,Metis Worktop Care & Maintenance Kit 6 Pieces,334PH,2,49.99,0,0.56,null,null,1,7976621849,null,1,0,0,23,7,5,https://media.screwfix.com/is/image/ae235/334PH_P?$autoprodblock$
7,Metis Joint Kit Black,782PH,1,49.99,0,0.36,null,null,1,7976621849,null,1,0,0,26,17,4,https://media.screwfix.com/is/image/ae235/782PH_P?$autoprodblock$
7,Metis Joint Kit White,607PH,0,49.99,0,0.36,null,null,1,7976621849,null,1,0,0,26,17,4,https://media.screwfix.com/is/image/ae235/607PH_P?$autoprodblock$
7,Metis Joint Kit Sand,598PH,8,49.99,0,0.36,null,null,1,7976621849,null,1,0,0,26,17,4,https://media.screwfix.com/is/image/ae235/598PH_P?$autoprodblock$
7,Metis Joint Kit Ice,569PH,0,49.99,0,0.36,null,null,1,7976621849,null,1,0,0,26,17,4,https://media.screwfix.com/is/image/ae235/569PH_P?$autoprodblock$
7,Metis Adhesive Sachet White,582PH,6,39.99,0,0.36,null,null,1,7976621849,null,1,0,0,26,17,4,https://media.screwfix.com/is/image/ae235/582PH_P?$autoprodblock$
7,Metis Adhesive Sachet Sand,520PH,0,39.99,0,0.36,null,null,1,7976621849,null,1,0,0,26,17,4,https://media.screwfix.com/is/image/ae235/520PH_P?$autoprodblock$
7,Metis Adhesive Sachet Black,240PH,1,39.99,0,0.36,null,null,1,7976621849,null,1,0,0,26,17,4,https://media.screwfix.com/is/image/ae235/240PH_P?$autoprodblock$
7,Metis Adhesive Sachet Ice,236PH,2,39.99,0,0.36,null,null,1,7976621849,null,1,0,0,26,17,4,https://media.screwfix.com/is/image/ae235/236PH_P?$autoprodblock$